Names,Dist,Party,CandPage,CampHand,PerHand
NA,Alabama 1st,NA,NA,NA,NA
Terell Anderson,Alabama 2nd,Democrat,https://ballotpedia.org/Terrell_Anderson,TerellAnderson,NA
Douglas Bell,Alabama 3rd,Independent,https://ballotpedia.org/Douglas_Bell,NA,NA
Joshua Gaddis,Alabama 4th,Republican,https://ballotpedia.org/Joshua_Gaddis,NA,NA
Charlie Thompson,Alabama 5th,Democrat,https://ballotpedia.org/Charlie_Thompson,NA,NA
Kevin Andrew Blalock,Alabama 5th,Republican,https://ballotpedia.org/Andy_Blalock,NA,NA
John Roberts,Alabama 5th,Republican,https://ballotpedia.org/John_Roberts_(Alabama),NA,NA
Dale Strong,Alabama 5th,Republican,https://ballotpedia.org/Dale_Strong,NA,madcochairman
Casey Wardynski,Alabama 5th,Republican,https://ballotpedia.org/Casey_Wardynski,NA,NA
Harrison Wright,Alabama 5th,Republican,https://ballotpedia.org/Harrison_Wright,NA,NA
NA,Alabama 6th,NA,NA,NA,NA
Beatrice Nichols,Alabama 7th,Republican,https://ballotpedia.org/Beatrice_Nichols,NicholsCongress,NA
Don Young,Alaska,Republican,https://ballotpedia.org/Don_Young_(Alaska),NA,NA
Gregg Brelsford,Alaska,Republican,https://ballotpedia.org/Gregg_Brelsford,alaskans4gregg,NA
Shannon Evans,Alaska,Republican,https://ballotpedia.org/Shannon_Evans,shannon_rep,NA
Julio Perez,Alaska,Republican,https://ballotpedia.org/Julio_Perez_(Alaska),NA,NA
Randy Purham,Alaska,Republican,https://ballotpedia.org/Randy_Purham,rpurham,NA
Walter Blackman,Arizona 1st,Republican,https://ballotpedia.org/Walter_Blackman,Blackman1Walter,NA
Eli Crane,Arizona 1st,Republican,https://ballotpedia.org/Eli_Crane,EliCraneAZ,EliCrane_CEO
John Moore,Arizona 1st,Republican,https://ballotpedia.org/John_Moore_(Arizona),NA,Moore4AZ
Kirsten Engel,Arizona 2nd,Democrat,https://ballotpedia.org/Kirsten_Engel,EngelForArizona,NA
Randall Friese,Arizona 2nd,Democrat,https://ballotpedia.org/Randall_Friese,DrRandyFriese,NA
Daniel Hernandez Jr.,Arizona 2nd,Democrat,https://ballotpedia.org/Daniel_Hernandez_Jr.,NA,NA
Marcos Urrea,Arizona 2nd,Democrat,https://ballotpedia.org/Marcos_Urrea,NA,NA
Juan Ciscomani,Arizona 2nd,Republican,https://ballotpedia.org/Juan_Ciscomani,juanciscomani,NA
Marissa Mitchell,Arizona 2nd,Republican,https://ballotpedia.org/Marissa_Mitchell,NA,NA
NA,Arizona 3rd,NA,NA,NA,NA
Matthew Daniel,Arizona 4th,Democrat,https://ballotpedia.org/Matthew_Daniel,NA,NA
Delina DiSanto,Arizona 4th,Democrat,https://ballotpedia.org/Delina_DiSanto,delina4az,NA
Judy Stahl,Arizona 4th,Democrat,https://ballotpedia.org/Judy_Stahl,Stahl4Congress,NA
Brandon DeHart,Arizona 4th,Republican,https://ballotpedia.org/Brandon_DeHart,BrandonDeHartAZ,NA
Benjamin Larivee,Arizona 5th,Democrat,https://ballotpedia.org/Benjamin_Larivee,lariveeforaz,NA
Travis Lindberg,Arizona 5th,Independent,https://ballotpedia.org/Travis_Lindberg,NA,NA
Jevin Hodge,Arizona 6th,Democrat,https://ballotpedia.org/Jevin_Hodge,jevinforaz,JevinHodge
Elijah Norton,Arizona 6th,Republican,https://ballotpedia.org/Elijah_Norton,nortonforaz,NA
Jeffrey Zink,Arizona 7th,Republican,https://ballotpedia.org/Jeffrey_Zink,realJeffZink,NA
James Holmes,Arizona 8th,Democrat,https://ballotpedia.org/James_Holmes,NA,NA
Jana Jackson,Arizona 9th,Republican,https://ballotpedia.org/Jana_Jackson,NA,NA
Orlando Johnson,Arizona 9th,Republican,https://ballotpedia.org/Orlando_Johnson,NA,NA
Rene Lopez,Arizona 9th,Republican,https://ballotpedia.org/Rene_Lopez,NA,jrlopezrep
Saul Rodriguez,Arizona 9th,Republican,https://ballotpedia.org/Saul_Rodriguez,8aularodriguez,NA
Alex Stovall,Arizona 9th,Republican,https://ballotpedia.org/Alex_Stovall,NA,NA
NA,Arkansas 1st,NA,NA,NA,NA
Nicholas Cartwright,Arkansas 2nd,Democrat,https://ballotpedia.org/Nicholas_Cartwright,ncartwrightAR,NA
Lauren Mallett-Hays,Arkansas 3rd,Democrat,https://ballotpedia.org/Lauren_Mallett-Hays,Lauren4Arkansas,NA
Neil Kumar,Arkansas 3rd,Republican,https://ballotpedia.org/Neil_Kumar,NA,ArkansasNeil
NA,Arkansas 4th,NA,NA,NA,NA
Robert Lydon,California 1st,Democrat,https://ballotpedia.org/Robert_Lydon,NA,NA
Max Steiner,California 1st,Democrat,https://ballotpedia.org/Max_Steiner,MaxSteinerCA,NA
Brian Hawkins,California 1st,Republican,https://ballotpedia.org/Brian_Hawkins,realpastorbrian,NA
Gurpinder Singh Sagoo,California 1st,Republican,https://ballotpedia.org/Gurpinder_Singh_Sagoo,NA,NA
Marcus Godfrey,California 1st,Libertarian,https://ballotpedia.org/Marcus_Godfrey,NA,NA
Aaron Smith,California 2nd,Republican,https://ballotpedia.org/Aaron_Smith_(California),NA,NA
Monika Sheldon-London,California 3rd,Republican,https://ballotpedia.org/Monika_Sheldon-London,NA,NA
Kermit Jones,California 4th,Democrat,https://ballotpedia.org/Kermit_Jones,NA,NA
NA,California 5th,NA,NA,NA,NA
Mathew Ray Jedeikin,California 6th,Independent,https://ballotpedia.org/Mathew_Ray_Jedeikin,mathewjedeikin,NA
NA,California 7th,NA,NA,NA,NA
Blanca Gomez,California 8th,Democrat,https://ballotpedia.org/Blanca_Gomez,gomblan1,NA
Derek Marshall,California 8th,Democrat,https://ballotpedia.org/Derek_Marshall,DerekMarshallCA,NA
Harpreet Chima,California 9th,Democrat,https://ballotpedia.org/Harpreet_Chima,NA,harpreetchima
Angelina Sigala,California 10th,Democrat,https://ballotpedia.org/Angelina_Sigala,NA,NA
Simon Aslanpour,California 10th,Republican,https://ballotpedia.org/Simon_Aslanpour,SimonAslanpour,simonaslanpour
NA,California 11th,NA,NA,NA,NA
Eric Curry,California 12th,Democrat,https://ballotpedia.org/Eric_Curry,ericcurrysf,NA
Jeffrey Phillips,California 12th,Democrat,https://ballotpedia.org/Jeffrey_Phillips_(California),12thJeff,NA
Bianca Von Krieg,California 12th,Democrat,https://ballotpedia.org/Bianca_Von_Krieg,therealbaroness,NA
John Dennis,California 12th,Republican,https://ballotpedia.org/John_Dennis_(California),RealJohnDennis,NA
Greg Lentz,California 12th,Republican,https://ballotpedia.org/Greg_Lentz,GregLentzCA12,NA
NA,California 13th,NA,NA,NA,NA
NA,California 14th,NA,NA,NA,NA
Jackie Cota,California 15th,Republican,https://ballotpedia.org/Jackie_Cota,NA,NA
Alison Hayden,California 15th,Republican,https://ballotpedia.org/Alison_Hayden,Alison4Congress,Elled26
Nathan Brown,California 16th,Republican,https://ballotpedia.org/Nathan_Brown_(California),NA,NA
David Giglio,California 16th,Republican,https://ballotpedia.org/David_Giglio,DavidGiglioCA,NA
Sarah Katz,California 17th,Democrat,https://ballotpedia.org/Sarah_Katz,NA,NA
Ajwang Rading,California 18th,Democrat,https://ballotpedia.org/Ajwang_Rading,NA,AjwangRading
Greg Tanaka,California 18th,Democrat,https://ballotpedia.org/Greg_Tanaka,NA,GregTanaka
NA,California 19th,NA,NA,NA,NA
Dalila Epperson,California 20th,Republican,https://ballotpedia.org/Dalila_Epperson,NA,NA
Angel Lara,California 21st,Democrat,https://ballotpedia.org/Angel_Lara,LaraForCongress,NA
Bryan Osorio,California 21st,Democrat,https://ballotpedia.org/Bryan_Osorio,BryanOsorio2022,NA
Chris Mathys,California 21st,Republican,https://ballotpedia.org/Chris_Mathys,ChrisMathysCA21,NA
Phil Arballo,California 22nd,Democrat,https://ballotpedia.org/Phil_Arballo,philarballo,NA
Eric Garcia,California 22nd,Democrat,https://ballotpedia.org/Eric_Garcia,EricG1247,NA
Lourin Hubbard,California 22nd,Democrat,https://ballotpedia.org/Lourin_Hubbard,LourinHubbard,lourinhubbard
Jorge Sanchez Hernandez,California 22nd,Democrat,https://ballotpedia.org/Jorge_Sanchez_Hernandez,NA,NA
Bruno Amato,California 23rd,Democrat,https://ballotpedia.org/Bruno_Amato,BrunoAmato_1,NA
Marisa Wood,California 23rd,Democrat,https://ballotpedia.org/Marisa_Wood,MarisaWoodCA,NA
NA,California 24th,NA,NA,NA,NA
Christopher Bellingham,California 25th,Democrat,https://ballotpedia.org/Christopher_Bellingham,NA,NA
Ruth Luevanos,California 25th,Democrat,https://ballotpedia.org/Ruth_Luevanos,RuthLuevanos,NA
Rhoda Nazanin,California 25th,Democrat,https://ballotpedia.org/Rhoda_Nazanin,Rhoda4Congress,rhodanazanin
John Quaye Quartey,California 25th,Democrat,https://ballotpedia.org/John_Quaye_Quartey,QuayeQuartey,NA
Christy Smith,California 25th,Democrat,https://ballotpedia.org/Christy_Smith,christysmithca,NA
Dara Stransky,California 25th,Democrat,https://ballotpedia.org/Dara_Stransky,NA,darafaye
Ronda Baldwin-Kennedy,California 26th,Republican,https://ballotpedia.org/Ronda_Baldwin-Kennedy,ronda4congress,NA
Matt Jacobs,California 26th,Republican,https://ballotpedia.org/Matt_Jacobs,mattjacobsca,NA
Daniel Wilson,California 26th,Independent,https://ballotpedia.org/Daniel_Wilson_(California),danielforvc,NA
Crystal Prebola,California 27th,Republican,https://ballotpedia.org/Crystal_Prebola,NA,NA
Giuliano DePaolis,California 27th,Independent,https://ballotpedia.org/Giuliano_DePaolis,Gio4CA27,NA
Jonathan Braun,California 28th,Democrat,https://ballotpedia.org/Jonathan_Braun,NA,NA
NA,California 29th,NA,NA,NA,NA
Shervin Aazami,California 30th,Democrat,https://ballotpedia.org/Shervin_Aazami,AazamiShervin,NA
Aarika Rhodes,California 30th,Democrat,https://ballotpedia.org/Aarika_Rhodes,aarikarhodes,NA
Lucie Lapointe Volotzky,California 30th,Republican,https://ballotpedia.org/Lucie_Lapointe_Volotzky,NA,volotzky
Carolyn Covell,California 31st,Republican,https://ballotpedia.org/Carolyn_Covell,NA,NA
Mumin Khan,California 32nd,Democrat,https://ballotpedia.org/Mumin_Khan,NA,NA
Derrick Gates,California 33rd,Republican,https://ballotpedia.org/Derrick_Gates,NA,NA
Patrick Jean Raphael,California 33rd,Republican,https://ballotpedia.org/Patrick_Jean_Raphael,NA,NA
NA,California 34th,NA,NA,NA,NA
NA,California 35th,NA,NA,NA,NA
NA,California 36th,NA,NA,NA,NA
NA,California 37th,NA,NA,NA,NA
Sylvester Ani,California 38th,Democrat,https://ballotpedia.org/Sylvester_Ani,SJR2022,NA
Elizabeth Moreira,California 38th,Democrat,https://ballotpedia.org/Elizabeth_Moreira,EMcongress2022,NA
Jay Chen,California 39th,Democrat,https://ballotpedia.org/Jay_Chen,jfchen,NA
Eric Ching,California 39th,Republican,https://ballotpedia.org/Eric_Ching,EricChi95677803,NA
Nicole López,California 40th,Democrat,https://ballotpedia.org/Nicole_L%C3%B3pez,lopez4congress,nickyy_lopez
NA,California 41st,NA,NA,NA,NA
Saul Castillo,California 42nd,Democrat,https://ballotpedia.org/Saul_Castillo,NA,NA
Brandon Mosely,California 42nd,Democrat,https://ballotpedia.org/Brandon_Mosely,Mosely4Congress,NA
Angel Rios,California 42nd,Independent,https://ballotpedia.org/Angel_Rios,Anthony_A_Rios,NA
Joe Collins,California 43rd,Republican,https://ballotpedia.org/Joe_Collins_(California),joeecollins3,NA
NA,California 44th,NA,NA,NA,NA
Shawn Collins,California 45th,Republican,https://ballotpedia.org/Shawn_Collins,shawncollins4ca,NA
Terry Dale,California 45th,Republican,https://ballotpedia.org/Terry_Dale_(California),NA,NA
Amy Phan West,California 45th,Republican,https://ballotpedia.org/Amy_Phan_West,NA,NA
Nicholas Taurus,California 45th,Republican,https://ballotpedia.org/Nicholas_Taurus,NA,NA
Michael Ortega,California 46th,Democrat,https://ballotpedia.org/Michael_Ortega,NA,NA
Ceci Truman,California 46th,Republican,https://ballotpedia.org/Ceci_Truman,NA,NA
William Griffith,California 47th,Democrat,https://ballotpedia.org/William_Griffith_(California),NA,NA
Michelle Lyons,California 47th,Republican,https://ballotpedia.org/Michelle_Lyons,NA,NA
Harley Rouda,California 48th,Democrat,https://ballotpedia.org/Harley_Rouda,HarleyRouda,NA
Chris Balasinski,California 48th,Independent,https://ballotpedia.org/Chris_Balasinski,ChrisBalasinski,NA
Brian Maryott,California 49th,Republican,https://ballotpedia.org/Brian_Maryott,brianlmaryott,NA
Christopher Rodriguez,California 49th,Republican,https://ballotpedia.org/Christopher_Rodriguez,Vote4CRod,NA
Mari Barosay,California 50th,Democrat,https://ballotpedia.org/Mari_Barosay,NA,NA
Timothy Bilash,California 50th,Democrat,https://ballotpedia.org/Timothy_Bilash,NA,NA
Stephen Houlahan,California 50th,Democrat,https://ballotpedia.org/Stephen_Houlahan,electhoulahan,NA
Joseph Rocha,California 50th,Democrat,https://ballotpedia.org/Joseph_Rocha,Joseph_C_Rocha,NA
NA,California 51st,NA,NA,NA,NA
Judah Hosanna,California 52nd,Republican,https://ballotpedia.org/Judah_Hosanna,JudahHosanna,NA
Neal Walia,Colorado 1st,Democrat,https://ballotpedia.org/Neal_Walia,NealforCD1,NA
Dom Waters,Colorado 1st,Democrat,https://ballotpedia.org/Dom_Waters,DomWatersUSHou1,NA
NA,Colorado 2nd,NA,NA,NA,NA
Debby Burnett,Colorado 3rd,Democrat,https://ballotpedia.org/Debby_Burnett,BurnettForCO3,NA
Kerry Donovan,Colorado 3rd,Democrat,https://ballotpedia.org/Kerry_Donovan,KerryDonovanCO,NA
Naziha In'am Hadil,Colorado 3rd,Democrat,https://ballotpedia.org/Naziha_In'am_Hadil,NA,NA
Susan Martinez,Colorado 3rd,Democrat,https://ballotpedia.org/Susan_Martinez_(Colorado),SusanForCD3,NA
Kellie Rhodes,Colorado 3rd,Democrat,https://ballotpedia.org/Kellie_Rhodes,Rhodes2Congress,NA
Sol Sandoval,Colorado 3rd,Democrat,https://ballotpedia.org/Sol_Sandoval,SolforCO,NA
Donald Valdez,Colorado 3rd,Democrat,https://ballotpedia.org/Donald_Valdez,DonaldValdezCO,NA
Colin Wilhelm,Colorado 3rd,Democrat,https://ballotpedia.org/Colin_Wilhelm,ColinWilhelm22,NA
Marina Zimmerman,Colorado 3rd,Republican,https://ballotpedia.org/Marina_Zimmerman,Marina4Colorado,NA
Ken Buck,Colorado 4th,Republican,https://ballotpedia.org/Ken_Buck,NA,NA
Rome Vibe,Colorado 4th,Democrat,https://ballotpedia.org/Rome_Vibe,NA,NA
Jeremy Dowell,Colorado 5th,Democrat,https://ballotpedia.org/Jeremy_Dowell,jeremyjdowell,NA
Santiago Goenaga-Torres,Colorado 5th,Democrat,https://ballotpedia.org/Santiago_Goenaga-Torres,Cd5Torres,NA
Rebecca Keltie,Colorado 5th,Republican,https://ballotpedia.org/Rebecca_Keltie,Keltie4Congress,NA
Ryan Thompson,Colorado 5th,Unaffiliated,https://ballotpedia.org/Ryan_Thompson_(U.S._House_Colorado),NA,NA
Alax Jones,Colorado 5th,Independent,https://ballotpedia.org/Alax_Jones,NA,NA
Glenn Rickerson,Colorado 6th,Republican,https://ballotpedia.org/Glenn_Rickerson,NA,NA
Eric Mulder,Colorado 6th,Libertarian,https://ballotpedia.org/Eric_Mulder,MulderForCO,NA
Kyle Faust,Colorado 7th,Democrat,https://ballotpedia.org/Kyle_Faust,NA,Faust4US
Laurel Imer,Colorado 7th,Republican,https://ballotpedia.org/Laurel_Imer,ImerForColorado,NA
NA,Colorado 8th,NA,NA,NA,NA
Muad Hrezi,Connecticut 1st,Democrat,https://ballotpedia.org/Muad_Hrezi,muadhrezi,NA
Andrew Legnani,Connecticut 1st,Democrat,https://ballotpedia.org/Andrew_Legnani,AndrewLegnani,NA
Larry Lazor,Connecticut 1st,Republican,https://ballotpedia.org/Larry_Lazor,LarryLazor,NA
Anthony DiLizia,Connecticut 2nd,Democrat,https://ballotpedia.org/Anthony_DiLizia,DiLiziaForCT,anthonyadilizia
Mike France,Connecticut 2nd,Republican,https://ballotpedia.org/Mike_France,NA,NA
NA,Connecticut 3rd,NA,NA,NA,NA
NA,Connecticut 4th,NA,NA,NA,NA
George Logan,Connecticut 5th,Republican,https://ballotpedia.org/George_Logan_(Connecticut),NA,NA
NA,Delaware,NA,NA,NA,NA
Jeremy Kelly,Florida 1st,Republican,https://ballotpedia.org/Jeremy_Kelly_(Florida_congressional_candidate),NA,NA
Rebekah Jones,Florida 1st,Independent,https://ballotpedia.org/Rebekah_Jones,GeoRebekah,NA
Linda Brooks,Florida 2nd,No Party Affiliation,https://ballotpedia.org/Linda_Brooks_(Florida),NA,NA
Danielle Hawk,Florida 3rd,Democrat,https://ballotpedia.org/Danielle_Hawk,NA,NA
Justin Waters,Florida 3rd,Republican,https://ballotpedia.org/Justin_Waters,justinwaterslaw,NA
Al Robertson,Florida 4th,Democrat,https://ballotpedia.org/Al_Robertson,AlRobertsonFL,NA
Erick Aguilar,Florida 4th,Republican,https://ballotpedia.org/Erick_Aguilar,NA,NA
Leigha Garner-Lopez,Florida 4th,Republican,https://ballotpedia.org/Leigha_Garner-Lopez,NA,NA
Jon Chuba,Florida 5th,Republican,https://ballotpedia.org/Jon_Chuba,NA,jontchuba
NA,Florida 6th,NA,NA,NA,NA
Stephanie Murphy,Florida 7th,Democrat,https://ballotpedia.org/Stephanie_Murphy,NA,NA
Erika Benfield,Florida 7th,Republican,https://ballotpedia.org/Erika_Benfield,Erika_Benfield,FLQINTDESIGN
Joe Cavagna,Florida 7th,Republican,https://ballotpedia.org/Joe_Cavagna,NA,NA
Brady Duke,Florida 7th,Republican,https://ballotpedia.org/Brady_Duke,bradydukefl,NA
Jeremy Liggett,Florida 7th,Republican,https://ballotpedia.org/Jeremy_Liggett,jeremy_liggett,NA
Cory Mills,Florida 7th,Republican,https://ballotpedia.org/Cory_Mills,CoryMillsFL,NA
Anthony Sabatini,Florida 7th,Republican,https://ballotpedia.org/Anthony_Sabatini,AnthonySabatini,NA
Perry Gregg,Florida 8th,Democrat,https://ballotpedia.org/Perry_Gregg,NA,NA
Patrick Wells,Florida 8th,Republican,https://ballotpedia.org/Patrick_Wells,pwells4fl8,NA
Kevin Parker,Florida 9th,Democrat,https://ballotpedia.org/Kevin_Parker_(Florida),NA,NA
Hendrith Smith,Florida 9th,Democrat,https://ballotpedia.org/Hendrith_Smith,NA,HendrithSmith
Kenneth Hartpence,Florida 9th,Republican,https://ballotpedia.org/Kenneth_Hartpence,KennyHartpence,NA
Becky E. Hites,Florida 9th,Republican,https://ballotpedia.org/Becky_E._Hites,Hites4Congress,NA
Jack Achenbach,Florida 10th,Democrat,https://ballotpedia.org/Jack_Achenbach,JackAchenbach,NA
Eric Atkinson,Florida 10th,Democrat,https://ballotpedia.org/Eric_Atkinson_(Florida),NA,NA
Aramis Ayala,Florida 10th,Democrat,https://ballotpedia.org/Aramis_Ayala,AramisAyalaFL,NA
Randolph Bracy III,Florida 10th,Democrat,https://ballotpedia.org/Randolph_Bracy_III,RandolphBracy,NA
Terence Gray,Florida 10th,Democrat,https://ballotpedia.org/Terence_Gray,NA,NA
Natalie Jackson,Florida 10th,Democrat,https://ballotpedia.org/Natalie_Jackson,NA,natjacktweets
Teresa Tachon,Florida 10th,Democrat,https://ballotpedia.org/Teresa_Tachon,NA,NA
Willie Montague,Florida 10th,Republican,https://ballotpedia.org/Willie_Montague,NA,NA
Carter Morgan,Florida 10th,Republican,https://ballotpedia.org/Carter_Morgan,NA,NA
Angela Marie Walls-Windhauser,Florida 10th,Republican,https://ballotpedia.org/Angela_Marie_Walls-Windhauser,NA,NA
Antonio Rosado,Florida 11th,No Party Affiliation,https://ballotpedia.org/Antonio_Rosado,NA,NA
NA,Florida 12th,NA,NA,NA,NA
Ben Diamond,Florida 13th,Democrat,https://ballotpedia.org/Ben_Diamond,BenDiamondFL,NA
Christian Hotchkiss,Florida 13th,Democrat,https://ballotpedia.org/Christian_Hotchkiss,NA,NA
Eric Lynn,Florida 13th,Democrat,https://ballotpedia.org/Eric_Lynn,NA,EricLynnFL
Michele Rayner,Florida 13th,Democrat,https://ballotpedia.org/Michele_Rayner,NA,NA
Will Braddock,Florida 13th,Republican,https://ballotpedia.org/Will_Braddock,NA,NA
Audrey Henson,Florida 13th,Republican,https://ballotpedia.org/Audrey_Henson,NA,NA
Moneer Kheireddine,Florida 13th,Republican,https://ballotpedia.org/Moneer_Kheireddine,NA,NA
Anna Paulina Luna,Florida 13th,Republican,https://ballotpedia.org/Anna_Paulina_Luna,VoteAPL,realannapaulina
Amanda Makki,Florida 13th,Republican,https://ballotpedia.org/Amanda_Makki,NA,NA
Frank Craft,Florida 13th,Libertarian,https://ballotpedia.org/Frank_Craft,frank_craft,Frank_Craft
Anthony Eldon,Florida 14th,Democrat,https://ballotpedia.org/Anthony_Eldon,NA,NA
Jay Collins,Florida 14th,Republican,https://ballotpedia.org/Jay_Collins,JayCollinsFL,NA
Angel Urbina,Florida 14th,Republican,https://ballotpedia.org/Angel_Urbina,realangelurbina,asurbina1371
Jesse Philippe,Florida 15th,Democrat,https://ballotpedia.org/Jesse_Philippe,JesseP4Congress,NA
Lily Ramcharran,Florida 15th,Democrat,https://ballotpedia.org/Lily_Ramcharran,VoteRamcharran,NA
Benjamin Miranda-Padilla,Florida 16th,Democrat,https://ballotpedia.org/Benjamin_Miranda-Padilla,NA,NA
Martin Hyde,Florida 16th,Republican,https://ballotpedia.org/Martin_Hyde,NA,NA
Daniel Lambert,Florida 17th,Democrat,https://ballotpedia.org/Daniel_Lambert,NA,NA
Melissa Martz,Florida 18th,Republican,https://ballotpedia.org/Melissa_Martz,martz4congress,NA
NA,Florida 19th,NA,NA,NA,NA
Matt Boswell,Florida 20th,Democrat,https://ballotpedia.org/Matt_Boswell,NA,NA
Elvin Dowling,Florida 20th,Democrat,https://ballotpedia.org/Elvin_Dowling,NA,elvindowling
Phil Jackson,Florida 20th,Democrat,https://ballotpedia.org/Phil_Jackson,NA,NA
Marlon Onias,Florida 20th,Democrat,https://ballotpedia.org/Marlon_Onias,NA,NA
Barbara Sharief,Florida 20th,Democrat,https://ballotpedia.org/Barbara_Sharief,NA,bestmom39
Imran Siddiqui,Florida 20th,Democrat,https://ballotpedia.org/Imran_Siddiqui,NA,NA
Jim Flynn,Florida 20th,No Party Affiliation,https://ballotpedia.org/Jim_Flynn_(Florida),NA,NA
Leonard Serratore,Florida 20th,No Party Affiliation,https://ballotpedia.org/Leonard_Serratore,NA,NA
Jeffrey Buongiorno,Florida 21st,Republican,https://ballotpedia.org/Jeffrey_Buongiorno,JBforFL,NA
Rod Dorilas,Florida 21st,Republican,https://ballotpedia.org/Rod_Dorilas,roddorilas,NA
Keith Feit,Florida 21st,Republican,https://ballotpedia.org/Keith_Feit,feit_keith,NA
Dan Franzese,Florida 21st,Republican,https://ballotpedia.org/Dan_Franzese,danforfl,NA
Laura Loomer,Florida 21st,Republican,https://ballotpedia.org/Laura_Loomer,replauraloomer,NA
Steve Chess,Florida 22nd,Republican,https://ballotpedia.org/Steve_Chess,NA,NA
Darlene Swaffar,Florida 22nd,Republican,https://ballotpedia.org/Darlene_Swaffar,swaffarcongress,themedicarelady
Christine Scott,Florida 22nd,No Party Affiliation,https://ballotpedia.org/Christine_Scott,NA,NA
Saad Suleman,Florida 23rd,Republican,https://ballotpedia.org/Saad_Suleman,NA,NA
Rubin Young,Florida 23rd,Republican,https://ballotpedia.org/Rubin_Young,NA,NA
Christine Alexandria Olivo,Florida 24th,Democrat,https://ballotpedia.org/Christine_Alexandria_Olivo,Christinefor24,NA
Adam Gentle,Florida 25th,Democrat,https://ballotpedia.org/Adam_Gentle,adammgentle,NA
Jeremiah Schaffer,Florida 26th,Republican,https://ballotpedia.org/Jeremiah_Schaffer,NA,NA
Angel Montalvo,Florida 27th,Democrat,https://ballotpedia.org/Angel_Montalvo,MontalvoFL27,NA
Janelle Perez,Florida 27th,Democrat,https://ballotpedia.org/Janelle_Perez,janellesofia,NA
Ian Medina,Florida 27th,No Party Affiliation,https://ballotpedia.org/Ian_Medina,NA,NA
NA,Florida 28th,NA,NA,NA,NA
Wade Herring,Georgia 1st,Democrat,https://ballotpedia.org/Wade_Herring,NA,NA
Joseph Palimeno,Georgia 1st,Democrat,https://ballotpedia.org/Joseph_Palimeno,PalimenoForGAD1,NA
Chris Benoit,Georgia 2nd,Republican,https://ballotpedia.org/Chris_Benoit,NA,NA
Tracy Taylor,Georgia 2nd,Republican,https://ballotpedia.org/Tracy_Taylor,NA,NA
NA,Georgia 3rd,NA,NA,NA,NA
Ivy Surrea,Georgia 4th,Republican,https://ballotpedia.org/Ivy_Surrea,NA,NA
Ian Medina,Georgia 5th,Democrat,https://ballotpedia.org/Ian_Medina,NA,NA
Lucy McBath,Georgia 6th,Democrat,https://ballotpedia.org/Lucy_McBath,lucymcbath,NA
Elfreda Desvignes,Georgia 6th,Democrat,https://ballotpedia.org/Elfreda_Desvignes,NA,NA
Harold Earls,Georgia 6th,Republican,https://ballotpedia.org/Harold_Earls,HaroldEarls,NA
Jake Evans,Georgia 6th,Republican,https://ballotpedia.org/Jake_Evans,JakeEvansGA,jakeevans11
Meagan Hanson,Georgia 6th,Republican,https://ballotpedia.org/Meagan_Hanson,HansonforHouse,Meagan_M_Hanson
Mallory Staples,Georgia 6th,Republican,https://ballotpedia.org/Mallory_Staples,NA,NA
Michael Corbin,Georgia 7th,Republican,https://ballotpedia.org/Michael_Corbin_(Georgia_congressional_candidate),NA,NA
NA,Georgia 8th,NA,NA,NA,NA
NA,Georgia 9th,NA,NA,NA,NA
Phyllis Hatcher,Georgia 10th,Democrat,https://ballotpedia.org/Phyllis_Hatcher,NA,NA
Kimberly Reuter,Georgia 10th,Democrat,https://ballotpedia.org/Kimberly_Reuter,ClarkReuter,NA
Andrew Alvey,Georgia 10th,Republican,https://ballotpedia.org/Andrew_Alvey,NA,alveyandrew
Timothy Barr,Georgia 10th,Republican,https://ballotpedia.org/Timothy_Barr,patriotbarr,NA
Paul C. Broun,Georgia 10th,Republican,https://ballotpedia.org/Paul_Broun,PaulBrounforGA,NA
Mike Collins,Georgia 10th,Republican,https://ballotpedia.org/Mike_Collins_(Georgia),MikeCollinsGA,NA
David Curry,Georgia 10th,Republican,https://ballotpedia.org/David_Curry,DavidCurryGA,NA
Marc McMain,Georgia 10th,Republican,https://ballotpedia.org/Marc_McMain,NA,NA
Matt Richards,Georgia 10th,Republican,https://ballotpedia.org/Matt_Richards,mattrichardsga,NA
Charles Rupert,Georgia 10th,Republican,https://ballotpedia.org/Charles_Rupert,NA,NA
Alan Sims,Georgia 10th,Republican,https://ballotpedia.org/Alan_Sims,alansimsga,NA
Mitchell Swan,Georgia 10th,Republican,https://ballotpedia.org/Mitchell_Swan,swan4congress,NA
Mary West,Georgia 10th,Republican,https://ballotpedia.org/Mary_West_(Georgia),NA,NA
Patrick Witt,Georgia 10th,Republican,https://ballotpedia.org/Patrick_Witt,patrickjwitt,NA
Beau Cannon,Georgia 11th,Democrat,https://ballotpedia.org/Beau_Cannon,BCannon4GA,NA
Antonio Daza-Fernandez,Georgia 11th,Democrat,https://ballotpedia.org/Antonio_Daza-Fernandez,AntonioDaza,NA
Heather Kilpatrick,Georgia 11th,Democrat,https://ballotpedia.org/Heather_Kilpatrick,HeatherK_GA,NA
Angela Davis,Georgia 11th,Independent,https://ballotpedia.org/Angela_Davis_(Georgia),NA,NA
Liz Johnson,Georgia 12th,Democrat,https://ballotpedia.org/Liz_Johnson_(Georgia),lizjohnsonforus,NA
NA,Georgia 13th,NA,NA,NA,NA
Lateefah Conner,Georgia 14th,Democrat,https://ballotpedia.org/Lateefah_Conner,NA,NA
Wendy Davis,Georgia 14th,Democrat,https://ballotpedia.org/Wendy_Davis_(Georgia),wendy4rome,NA
Marcus Flowers,Georgia 14th,Democrat,https://ballotpedia.org/Marcus_Flowers,Marcus4Georgia,NA
Holly McCormack,Georgia 14th,Democrat,https://ballotpedia.org/Holly_McCormack,Holly_4Congress,NA
Mark Clay,Georgia 14th,Republican,https://ballotpedia.org/Mark_Clay,NA,NA
Angela Pence,Georgia 14th,Libertarian,https://ballotpedia.org/Angela_Pence,AngelaLPNWGA,NA
Joseph Gilmore,Hawaii 1st,Independent Write-in,https://ballotpedia.org/Joseph_Gilmore,NA,NA
NA,Hawaii 2nd,NA,NA,NA,NA
Michael Banner,Idaho 1st,Democrat,https://ballotpedia.org/Michael_Banner_(Idaho),NA,NA
Brian Lenney,Idaho 1st,Republican,https://ballotpedia.org/Brian_Lenney,brian_lenney,NA
Joe Evans,Idaho 1st,Libertarian,https://ballotpedia.org/Joe_Evans_(Idaho_congressional_candidate),NA,NA
Amy Tamayo,Idaho 2nd,Democrat,https://ballotpedia.org/Amy_Tamayo,NA,NA
Kirby Birgans,Illinois 1st,Democrat,https://ballotpedia.org/Kirby_Birgans,NA,BirgansKirby
Chris Butler,Illinois 1st,Democrat,https://ballotpedia.org/Chris_Butler,NA,christhecitizen
Jahmal Cole,Illinois 1st,Democrat,https://ballotpedia.org/Jahmal_Cole,jahmal_cole,NA
Dee Nix,Illinois 1st,Democrat,https://ballotpedia.org/Dee_Nix,deenixofficial,NA
Michael Thompson,Illinois 1st,Democrat,https://ballotpedia.org/Michael_Thompson_(Illinois),mathompson_jr,NA
NA,Illinois 2nd,NA,NA,NA,NA
NA,Illinois 3rd,NA,NA,NA,NA
NA,Illinois 4th,NA,NA,NA,NA
Raleigh Bowman,Illinois 5th,Democrat,https://ballotpedia.org/Raleigh_Bowman,RaleighBowman,NA
Hoan Huynh,Illinois 5th,Democrat,https://ballotpedia.org/Hoan_Huynh,HoanDHuynh,NA
Justin Burau,Illinois 6th,Republican,https://ballotpedia.org/Justin_Burau,JustinBurau,NA
Niki Conforti,Illinois 6th,Republican,https://ballotpedia.org/Niki_Conforti,NA,NA
Kina Collins,Illinois 7th,Democrat,https://ballotpedia.org/Kina_Collins,KinaCollinsIL,NA
Junaid Ahmed,Illinois 8th,Democrat,https://ballotpedia.org/Junaid_Ahmed,JunaidForUs,NA
Mohammed Faheem,Illinois 8th,Democrat,https://ballotpedia.org/Mohammed_Faheem,NA,mohammedfaheem
NA,Illinois 9th,NA,NA,NA,NA
Kim Nowak,Illinois 10th,Democrat,https://ballotpedia.org/Kim_Nowak,NA,NA
NA,Illinois 11th,NA,NA,NA,NA
Keith Richardson,Illinois 12th,Democrat,https://ballotpedia.org/Keith_Richardson,NA,NA
David Palmer,Illinois 13th,Democrat,https://ballotpedia.org/David_Palmer_(Illinois),PalmerforIL,NA
NA,Illinois 14th,NA,NA,NA,NA
NA,Illinois 15th,NA,NA,NA,NA
Marsha Williams,Illinois 16th,Democrat,https://ballotpedia.org/Marsha_Williams,CongressMarsha,NA
Gene Koprowski,Illinois 16th,Republican,https://ballotpedia.org/Gene_Koprowski,NA,NA
Catalina Lauf,Illinois 16th,Republican,https://ballotpedia.org/Catalina_Lauf,CatalinaLauf,NA
Jack Lombardi,Illinois 16th,Republican,https://ballotpedia.org/Jack_Lombardi,JackLombardi,NA
Teresa Pfaff,Illinois 16th,Republican,https://ballotpedia.org/Teresa_Pfaff,NA,NA
Michael Rebresh,Illinois 16th,Republican,https://ballotpedia.org/Michael_Rebresh,NA,NA
Geno Young,Illinois 16th,Republican,https://ballotpedia.org/Geno_Young,NA,NA
Charlie Helmick,Illinois 17th,Republican,https://ballotpedia.org/Charlie_Helmick,NA,CharlieHelmick
Esther Joy King,Illinois 17th,Republican,https://ballotpedia.org/Esther_Joy_King,esther4congress,estherjoyking
Jennifer-Ruth Green,Indiana 1st,Republican,https://ballotpedia.org/Jennifer-Ruth_Green,jenruthgreen,NA
Tom Madden,Indiana 1st,Republican,https://ballotpedia.org/Tom_Madden,NA,NA
NA,Indiana 2nd,NA,NA,NA,NA
Forrest Bower,Indiana 3rd,Democrat,https://ballotpedia.org/Forrest_Bower,whyiyanggang,NA
John Stephens,Indiana 3rd,Democrat,https://ballotpedia.org/John_Stephens_(Indiana),StephensforIN3,NA
NA,Indiana 4th,NA,NA,NA,NA
NA,Indiana 5th,NA,NA,NA,NA
Barton Teeters,Indiana 6th,Democrat,https://ballotpedia.org/Barton_Teeters,NA,BartonTeeters
Erik Benson,Indiana 6th,Republican,https://ballotpedia.org/Erik_Benson,NA,NA
Rusty Johnson,Indiana 7th,Republican,https://ballotpedia.org/Rusty_Johnson_(Indiana),NA,NA
Gabriel Whitley,Indiana 8th,Republican,https://ballotpedia.org/Gabriel_Whitley,realgabewhitley,NA
Jonathon Cole,Indiana 9th,Democrat,https://ballotpedia.org/Jonathon_Cole,NA,NA
D. Liam Dorris,Indiana 9th,Democrat,https://ballotpedia.org/D._Liam_Dorris,DLiamDorris,NA
Matthew Fyfe,Indiana 9th,Democrat,https://ballotpedia.org/Matthew_Fyfe,NA,NA
Babak Rezaei,Indiana 9th,Democrat,https://ballotpedia.org/Babak_Rezaei,NA,NA
Hiren Patel,Indiana 9th,Republican,https://ballotpedia.org/Hiren_Patel,NA,NA
Liz Mathis,Iowa 1st,Democrat,https://ballotpedia.org/Liz_Mathis,LizMathis1,NA
NA,Iowa 2nd,NA,NA,NA,NA
Mary Ann Hanusa,Iowa 3rd,Republican,https://ballotpedia.org/Mary_Ann_Hanusa,NA,NA
Nicole Hasso,Iowa 3rd,Republican,https://ballotpedia.org/Nicole_Hasso,nicolehasso,NA
Zach Nunn,Iowa 3rd,Republican,https://ballotpedia.org/Zach_Nunn,NA,NA
NA,Iowa 4th,NA,NA,NA,NA
NA,Kansas 1st,NA,NA,NA,NA
Patrick Schmidt,Kansas 2nd,Democrat,https://ballotpedia.org/Patrick_Schmidt,PatrickforKS,NA
Amanda Adkins,Kansas 3rd,Republican,https://ballotpedia.org/Amanda_Adkins,amanda_adkins,NA
NA,Kansas 4th,NA,NA,NA,NA
David Sharp,Kentucky 1st,Republican,https://ballotpedia.org/David_Sharp_(Kentucky),SharpCongress,NA
William Compton,Kentucky 2nd,Democrat,https://ballotpedia.org/William_Compton_(Kentucky),Compton4KY2022,NA
Stephen Harvey,Kentucky 2nd,Republican,https://ballotpedia.org/Stephen_Harvey,NA,NA
Christopher Henning,Kentucky 2nd,Republican,https://ballotpedia.org/Christopher_Henning,NA,NA
Attica Scott,Kentucky 3rd,Democrat,https://ballotpedia.org/Attica_Scott,atticaforky,NA
Claire Wirth,Kentucky 4th,Republican,https://ballotpedia.org/Claire_Wirth,NA,NA
Richard Van Dam,Kentucky 5th,Republican,https://ballotpedia.org/Richard_Van_Dam,RichardVanDam6,NA
Christopher Preece,Kentucky 6th,Democrat,https://ballotpedia.org/Christopher_Preece,ForPreece,NA
NA,Louisiana 1st,NA,NA,NA,NA
NA,Louisiana 2nd,NA,NA,NA,NA
NA,Louisiana 3rd,NA,NA,NA,NA
NA,Louisiana 4th,NA,NA,NA,NA
NA,Louisiana 5th,NA,NA,NA,NA
NA,Louisiana 6th,NA,NA,NA,NA
Jay Allen,Maine 1st,NA,https://ballotpedia.org/Chellie_Pingree,NA,NA
Nancy Farrand,Maine 1st,NA,https://ballotpedia.org/Jay_Allen,AllenCongress,NA
Ian Arthur Leavitt,Maine 1st,NA,https://ballotpedia.org/Nancy_Farrand,NA,NA
Chellie Pingree,Maine 1st,NA,https://ballotpedia.org/Ian_Arthur_Leavitt,NA,NA
Michael Sutton,Maine 2nd,Democrat,https://ballotpedia.org/Michael_Sutton,NA,NA
Michael Perkins,Maine 2nd,Republican,https://ballotpedia.org/Michael_Perkins_(Maine),NA,NA
Harold Stewart,Maine 2nd,Republican,https://ballotpedia.org/Harold_Stewart,NA,NA
Jared Golden,Maine 2nd,NA,https://ballotpedia.org/Jared_Golden,golden4congress,NA
Dale Crafts,Maine 2nd,NA,https://ballotpedia.org/Dale_Crafts,DaleCraftsME,NA
Daniel Fowler,Maine 2nd,NA,https://ballotpedia.org/Daniel_Fowler,NA,NA
Timothy Hernandez,Maine 2nd,NA,https://ballotpedia.org/Timothy_Hernandez,NA,NA
Adrienne Bennett,Maine 2nd,NA,https://ballotpedia.org/Adrienne_Bennett,AdrienneMaine,NA
Eric Brakey,Maine 2nd,NA,https://ballotpedia.org/Eric_Brakey,SenatorBrakey,NA
Dave Harden,Maryland 1st,Democrat,https://ballotpedia.org/Dave_Harden,Dave_Harden,NA
Mia Mason,Maryland 1st,Democrat,https://ballotpedia.org/Mia_Mason,Mia4MD,NA
Heather Mizeur,Maryland 1st,Democrat,https://ballotpedia.org/Heather_Mizeur,heathermizeur,NA
Matt Talley,Maryland 1st,Democrat,https://ballotpedia.org/Matt_Talley,NA,NA
Brittany Oliver,Maryland 2nd,Democrat,https://ballotpedia.org/Brittany_Oliver,BrittanyO,NA
Joe Kelley,Maryland 2nd,Republican,https://ballotpedia.org/Joe_Kelley,JoeKelleyHoR22,NA
Malcolm Colombo,Maryland 3rd,Democrat,https://ballotpedia.org/Malcolm_Colombo,mtc_md3,NA
Antonio Pitocco,Maryland 3rd,Republican,https://ballotpedia.org/Antonio_Pitocco,antoniopitocco1,NA
Jeff Warner,Maryland 4th,Republican,https://ballotpedia.org/Jeff_Warner,NA,NA
Colin Byrd,Maryland 5th,Democrat,https://ballotpedia.org/Colin_Byrd,NA,NA
Mckayla Wilkes,Maryland 5th,Democrat,https://ballotpedia.org/Mckayla_Wilkes,MeetMckayla,NA
David Trone,Maryland 6th,Democrat,https://ballotpedia.org/David_Trone,NA,NA
Jonathan Jenkins,Maryland 6th,Republican,https://ballotpedia.org/Jonathan_Jenkins_(Maryland),for_jenkins,NA
Robert Poissonnier,Maryland 6th,Republican,https://ballotpedia.org/Robert_Poissonnier,NA,NA
David August,Maryland 6th,Independent,https://ballotpedia.org/David_August_(Maryland),CongressDave,NA
NA,Maryland 7th,NA,NA,NA,NA
Mariela Roca,Maryland 8th,Republican,https://ballotpedia.org/Mariela_Roca,NA,NA
Louis Marino,Massachusetts 1st,Republican,https://ballotpedia.org/Louis_Marino,NA,NA
Nicholas Barassi,Massachusetts 2nd,Republican,https://ballotpedia.org/Nicholas_Barassi,NA,NA
Jeffrey Sossa-Paquette,Massachusetts 2nd,Republican,https://ballotpedia.org/Jeffrey_Sossa-Paquette,JeffreyCongress,NA
NA,Massachusetts 3rd,NA,NA,NA,NA
NA,Massachusetts 4th,NA,NA,NA,NA
NA,Massachusetts 5th,NA,NA,NA,NA
NA,Massachusetts 6th,NA,NA,NA,NA
NA,Massachusetts 7th,NA,NA,NA,NA
Michael Ruiz,Massachusetts 8th,Democrat,https://ballotpedia.org/Michael_Ruiz,Mike4_Congress,NA
Jesse Brown,Massachusetts 9th,Republican,https://ballotpedia.org/Jesse_Brown,JesseBrownMA,NA
Mark Littles,Massachusetts 9th,Republican,https://ballotpedia.org/Mark_Littles,MarkLittles,NA
NA,Michigan 1st,NA,NA,NA,NA
NA,Michigan 2nd,NA,NA,NA,NA
Audra Lemons-Johnson,Michigan 3rd,Republican,https://ballotpedia.org/Audra_Lemons-Johnson,audra4congress,NA
Gabriella Manolache,Michigan 3rd,Republican,https://ballotpedia.org/Gabriella_Manolache,NA,NA
Tom Norton,Michigan 3rd,Republican,https://ballotpedia.org/Tom_Norton,ForNorton,NA
NA,Michigan 4th,NA,NA,NA,NA
Ethan Hobson,Michigan 5th,U.S. Taxpayers Party,https://ballotpedia.org/Ethan_Hobson,NA,NA
Steve Carra,Michigan 6th,Republican,https://ballotpedia.org/Steve_Carra,NA,NA
Jon Rocha,Michigan 6th,Republican,https://ballotpedia.org/Jon_Rocha,runwithrocha,NA
Ezra Scott,Michigan 6th,Republican,https://ballotpedia.org/Ezra_Scott,NA,NA
NA,Michigan 7th,NA,NA,NA,NA
NA,Michigan 8th,NA,NA,NA,NA
NA,Michigan 9th,NA,NA,NA,NA
Brian Steven Jaye,Michigan 10th,Democrat,https://ballotpedia.org/Brian_Steven_Jaye,JayeForMI,NA
Sumukh Kallur,Michigan 11th,Democrat,https://ballotpedia.org/Sumukh_Kallur,NA,NA
NA,Michigan 12th,NA,NA,NA,NA
NA,Michigan 13th,NA,NA,NA,NA
Michael Hastings,Minnesota 1st,Republican,https://ballotpedia.org/Michael_Hastings_(Minnesota),NA,NA
Logan Wajer,Minnesota 1st,Independent,https://ballotpedia.org/Logan_Wajer,NA,LoganWajer
Tyler Kistner,Minnesota 2nd,Republican,https://ballotpedia.org/Tyler_Kistner,KistnerCongress,tyler_kistner
Lily Joy Erickson,Minnesota 3rd,Democrat,https://ballotpedia.org/Lily_Joy_Erickson,NA,NA
Evan Kail,Minnesota 4th,Democrat,https://ballotpedia.org/Evan_Kail,elect_evan,EvanKail
Mikki Murray,Minnesota 4th,Republican,https://ballotpedia.org/Mikki_Murray,NA,MikkiMurray
Khanh Tran,Minnesota 5th,Democrat,https://ballotpedia.org/Khanh_Tran_(Minnesota),NA,NA
Cicely Davis,Minnesota 5th,Republican,https://ballotpedia.org/Cicely_Davis,CicelyDavisMN,NA
NA,Minnesota 6th,NA,NA,NA,NA
Reed Olson,Minnesota 7th,Democrat,https://ballotpedia.org/Reed_Olson,NA,NA
Ernest Oppegaard-Peltier,Minnesota 7th,Democrat,https://ballotpedia.org/Ernest_Oppegaard-Peltier,josephpeltier88,NA
Mark Lindquist,Minnesota 7th,Democratic-Farmer Labor Party,https://ballotpedia.org/Mark_Lindquist,MarkForAll2022,markjlindquist
Travis Johnson,Minnesota 7th,Libertarian,https://ballotpedia.org/Travis_Johnson_(Minnesota),TravisBullJohn1,NA
Pete Stauber,Minnesota 8th,Republican,https://ballotpedia.org/Pete_Stauber,PeteStauber,NA
Hunter Avery,Mississippi 1st,Democrat,https://ballotpedia.org/Hunter_Avery,NA,NA
James McCay,Mississippi 1st,Independent,https://ballotpedia.org/James_McCay,NA,NA
Jeffrey Keuneke,Mississippi 2nd,Republican,https://ballotpedia.org/Jeffrey_Keuneke,NA,NA
Shuwaski Young,Mississippi 3rd,Democrat,https://ballotpedia.org/Shuwaski_Young,shuwaskiyoung,NA
Raymond Brooks,Mississippi 4th,Republican,https://ballotpedia.org/Raymond_Brooks,RaymondNBrooks1,NA
Mike Ezell,Mississippi 4th,Republican,https://ballotpedia.org/Mike_Ezell,NA,MikeEzell11
Alden Johnson,Mississippi 4th,Libertarian,https://ballotpedia.org/Alden_Johnson,NA,NA
Graham Hudson,Mississippi 4th,Independent,https://ballotpedia.org/Graham_Hudson,NA,NA
Earl Childress,Missouri 1st,Independent,https://ballotpedia.org/Earl_Childress,EarlChildress,NA
Ann Wagner,Missouri 2nd,Republican,https://ballotpedia.org/Ann_Wagner,NA,NA
Trish Gunby,Missouri 2nd,Democrat,https://ballotpedia.org/Trish_Gunby,TrishForMO,NA
Raymond Reed,Missouri 2nd,Democrat,https://ballotpedia.org/Raymond_Reed,NA,NA
Ben Samuels,Missouri 2nd,Democrat,https://ballotpedia.org/Ben_Samuels,SamuelsForMO,NA
Bob Anders,Missouri 2nd,Republican,https://ballotpedia.org/Bob_Anders,NA,NA
Wesley Smith,Missouri 2nd,Conservative Party,https://ballotpedia.org/Wesley_Smith_(Missouri),NA,NA
Joshua Nicoloff,Missouri 3rd,Democrat,https://ballotpedia.org/Joshua_Nicoloff,Nicoloff_Josh,NA
JD Leathers,Missouri 4th,Democrat,https://ballotpedia.org/JD_Leathers,MO4JD,NA
Taylor Burks,Missouri 4th,Republican,https://ballotpedia.org/Taylor_Burks,NA,taylorwburks
Ryan Johnson,Missouri 4th,Republican,https://ballotpedia.org/Ryan_Johnson_(Missouri),RyanJohnsonMO,NA
Sara Walsh,Missouri 4th,Republican,https://ballotpedia.org/Sara_Walsh,NA,NA
NA,Missouri 5th,NA,NA,NA,NA
NA,Missouri 6th,NA,NA,NA,NA
Derral Reynolds,Missouri 7th,Republican,https://ballotpedia.org/Derral_Reynolds,NA,NA
Jeremy Dennison,Missouri 8th,Republican,https://ballotpedia.org/Jeremy_Dennison,NA,NA
Jack Ballard,Montana 1st,Democrat,https://ballotpedia.org/Jack_Ballard_(Montana),NA,NA
Laurie Bishop,Montana 2nd,Democrat,https://ballotpedia.org/Laurie_Bishop_(Montana),NA,NA
Cora Neumann,Montana 2nd,Democrat,https://ballotpedia.org/Cora_Neumann,CoraforMT,NA
Monica Tranel,Montana 2nd,Democrat,https://ballotpedia.org/Monica_Tranel,MonicaTranel,NA
Ryan Zinke,Montana 2nd,Republican,https://ballotpedia.org/Ryan_Zinke,RyanZinke,NA
NA,Nebraska 1st,NA,NA,NA,NA
Alisha Shelton,Nebraska 2nd,Democrat,https://ballotpedia.org/Alisha_Shelton,AlishaKShelton,NA
Tony Vargas,Nebraska 2nd,Democrat,https://ballotpedia.org/Tony_Vargas,NA,NA
NA,Nebraska 3rd,NA,NA,NA,NA
Amy Vilela,Nevada 1st,Democrat,https://ballotpedia.org/Amy_Vilela,amy4thepeople,NA
Aaron Sims,Nevada 2nd,Democrat,https://ballotpedia.org/Aaron_Sims,simsfornevada,NA
April Becker,Nevada 3rd,Republican,https://ballotpedia.org/April_Becker,VoteAprilBecker,NA
John Kovacs,Nevada 3rd,Republican,https://ballotpedia.org/John_Kovacs,KovacsForNV3,NA
Noah Malgeri,Nevada 3rd,Republican,https://ballotpedia.org/Noah_Malgeri,NA,NA
Reinier Prijten,Nevada 3rd,Republican,https://ballotpedia.org/Reinier_Prijten,RPforCongress,NA
Mark Robertson,Nevada 3rd,Republican,https://ballotpedia.org/Mark_Robertson_(Nevada),RobertsonforNV,NA
Tony Lane,Nevada 4th,Republican,https://ballotpedia.org/Tony_Lane,tonylanenv,NA
Sam Peters,Nevada 4th,Republican,https://ballotpedia.org/Sam_Peters,SamPetersNevada,NA
Carolina Serrano,Nevada 4th,Republican,https://ballotpedia.org/Carolina_Serrano,Carolina4NV,NA
John Johnson,Nevada 4th,Independent,https://ballotpedia.org/John_Johnson_(Nevada),NA,NA
Julian Acciard,New Hampshire 1st,Republican,https://ballotpedia.org/Julian_Acciard,acciard2022,NA
Tim Baxter,New Hampshire 1st,Republican,https://ballotpedia.org/Tim_Baxter,NA,NA
Karoline Leavitt,New Hampshire 1st,Republican,https://ballotpedia.org/Karoline_Leavitt,kleavittnh,NA
NA,New Hampshire 2nd,NA,NA,NA,NA
NA,New Jersey 1st,NA,NA,NA,NA
Timothy Alexander,New Jersey 2nd,Democrat,https://ballotpedia.org/Timothy_Alexander,talexander_NJ02,NA
Carolyn Rush,New Jersey 2nd,Democrat,https://ballotpedia.org/Carolyn_Rush,carolynrush31,NA
Hector Tavarez,New Jersey 2nd,Democrat,https://ballotpedia.org/Hector_Tavarez,TavarezCongress,NA
Tricia Flanagan,New Jersey 3rd,Republican,https://ballotpedia.org/Tricia_Flanagan,NA,NA
Mike Blasi,New Jersey 4th,Republican,https://ballotpedia.org/Mike_Blasi,NA,NA
Nicholas D'Agostino,New Jersey 5th,Republican,https://ballotpedia.org/Nicholas_D'Agostino,WePickNick,realNickDags
Frank Pallotta,New Jersey 5th,Republican,https://ballotpedia.org/Frank_Pallotta,FrankPallottaNJ,FTPallotta
Sherry Euvin,New Jersey 6th,Democrat,https://ballotpedia.org/Sherry_Euvin,NA,NA
NA,New Jersey 7th,NA,NA,NA,NA
NA,New Jersey 8th,NA,NA,NA,NA
NA,New Jersey 9th,NA,NA,NA,NA
Imani Oakley,New Jersey 10th,Democrat,https://ballotpedia.org/Imani_Oakley,ImaniOakleyNJ10,NA
Hillery Brotschol,New Jersey 11th,Republican,https://ballotpedia.org/Hillery_Brotschol,HBrotschol,NA
Robert Kovic,New Jersey 11th,Republican,https://ballotpedia.org/Kovic,NA,NA
Patrick Quinn,New Jersey 11th,Republican,https://ballotpedia.org/Patrick_Quinn_(New_Jersey),NA,NA
Tom Toomey,New Jersey 11th,Republican,https://ballotpedia.org/Tom_Toomey,TomToomeyNJ,NA
NA,New Jersey 12th,NA,NA,NA,NA
Melanie Ann Stansbury,New Mexico 1st,Democrat,https://ballotpedia.org/Melanie_Ann_Stansbury,MelanieforNM,NA
Sheridan Lund,New Mexico 1st,Democrat,https://ballotpedia.org/Sheridan_Lund,lund2022,NA
Elisa Martinez,New Mexico 1st,Republican,https://ballotpedia.org/Elisa_Martinez,ElisaforNM,elisa1121
NA,New Mexico 2nd,NA,NA,NA,NA
NA,New Mexico 3rd,NA,NA,NA,NA
Nicholas Antonucci,New York 1st,Democrat,https://ballotpedia.org/Nicholas_Antonucci,NA,NA
John Atkinson,New York 1st,Democrat,https://ballotpedia.org/John_Atkinson_(New_York),JohnAForNY,NA
Bridget M. Fleming,New York 1st,Democrat,https://ballotpedia.org/Bridget_M._Fleming,bridgetmfleming,NA
Kara Hahn,New York 1st,Democrat,https://ballotpedia.org/Kara_Hahn,karahahn,NA
Austin Smith,New York 1st,Democrat,https://ballotpedia.org/Austin_Smith_(New_York),NA,NA
Robert Cornicelli,New York 1st,Republican,https://ballotpedia.org/Robert_Cornicelli,gopmann,NA
Muzib Huq,New York 2nd,Democrat,https://ballotpedia.org/Muzib_Huq,MuzibulDr,NA
Mike Sax,New York 2nd,Democrat,https://ballotpedia.org/Mike_Sax,TreasonHappens,NA
Melanie D'Arrigo,New York 3rd,Democrat,https://ballotpedia.org/Melanie_D'Arrigo,DarrigoMelanie,NA
Navjot Kaur,New York 3rd,Democrat,https://ballotpedia.org/Navjot_Kaur,NA,NA
NA,New York 4th,NA,NA,NA,NA
Nader Akhlaghy,New York 5th,Peace and Freedom Party,https://ballotpedia.org/Nader_Akhlaghy,NA,NA
Jesus Gonzalez,New York 6th,Republican,https://ballotpedia.org/Jesus_Gonzalez_(New_York_Senate),NA,jesgonny33
Christopher Fuentes-Padilla,New York 6th,Libertarian,https://ballotpedia.org/Christopher_Fuentes-Padilla,NA,NA
NA,New York 7th,NA,NA,NA,NA
Clementine Vasquez,New York 8th,Democrat,https://ballotpedia.org/Clementine_Vasquez,NA,NA
Steven Green,New York 9th,Democrat,https://ballotpedia.org/Steven_Green_(New_York),NA,NA
Benine Hamdan,New York 10th,Democrat,https://ballotpedia.org/Benine_Hamdan,NA,najimbenine
Ian Medina,New York 10th,Democrat,https://ballotpedia.org/Ian_Medina,NA,NA
Ashmi Sheth,New York 10th,Democrat,https://ballotpedia.org/Ashmi_Sheth,ashmisheth1,NA
Michael DeCillis,New York 11th,Democrat,https://ballotpedia.org/Michael_DeCillis,mikedecillis,NA
Brittany Ramos Debarros,New York 11th,Democrat,https://ballotpedia.org/Brittany_Ramos_Debarros,Britt4Congress,BrittDeBarros
Andrew Wolfe,New York 11th,Republican,https://ballotpedia.org/Andrew_Wolfe,NA,NA
Carolyn B. Maloney,New York 12th,Democrat,https://ballotpedia.org/Carolyn_Maloney,CarolynBMaloney,NA
Rana Abdelhamid,New York 12th,Democrat,https://ballotpedia.org/Rana_Abdelhamid,RanaForCongress,NA
Jesse Cerrotti,New York 12th,Democrat,https://ballotpedia.org/Jesse_Cerrotti,NA,JesseCerrotti
Maya Contreras,New York 12th,Democrat,https://ballotpedia.org/Maya_Contreras,mayatcontreras,NA
Mike Fitzgerald,New York 12th,Democrat,https://ballotpedia.org/Mike_Fitzgerald,NA,NA
Vladimy Joseph,New York 12th,Democrat,https://ballotpedia.org/Vladimy_Joseph,NA,NA
NA,New York 13th,NA,NA,NA,NA
Desi Cuellar,New York 14th,Republican,https://ballotpedia.org/Desi_Cuellar,NA,DesiJCuellar
NA,New York 15th,NA,NA,NA,NA
Patrick Delices,New York 16th,Republican,https://ballotpedia.org/Patrick_Delices,NA,NA
NA,New York 17th,NA,NA,NA,NA
Colin Schmitt,New York 18th,Republican,https://ballotpedia.org/Colin_J._Schmitt,colinschmitt,NA
Brandon Buccola,New York 19th,Republican,https://ballotpedia.org/Brandon_Buccola,NA,NA
Kyle Van De Water,New York 19th,Republican,https://ballotpedia.org/Kyle_Van_De_Water,NA,NA
Justin Chaires,New York 20th,Democrat,https://ballotpedia.org/Justin_Chaires,JRCforCongress,NA
Cole Matthews,New York 20th,Democrat,https://ballotpedia.org/Cole_Matthews,NA,cole_matthews20
Elise Stefanik,New York 21st,Republican,https://ballotpedia.org/Elise_Stefanik,EliseStefanik,NA
Bridie Farrell,New York 21st,Democrat,https://ballotpedia.org/Bridie_Farrell,BridieForUS,NA
Matthew Putorti,New York 21st,Democrat,https://ballotpedia.org/Matthew_Putorti,MattPutorti,NA
Ezra Watson,New York 21st,Democrat,https://ballotpedia.org/Ezra_Watson,EzraWatsonforNY,NA
Lonny Koons,New York 21st,Republican,https://ballotpedia.org/Lonny_Koons,KoonsLonny,NA
Mikayla Ridley,New York 22nd,Democrat,https://ballotpedia.org/Mikayla_Ridley,RidleyForNY22,NA
Hal Stewart,New York 22nd,Independent,https://ballotpedia.org/Hal_Stewart,HalforNY22,NA
Hugh Bahar,New York 23rd,Republican,https://ballotpedia.org/Hugh_Bahar,NA,NA
Joe Sempolinski,New York 23rd,Republican,https://ballotpedia.org/Joe_Sempolinski,JoeSempo,NA
Steven Holden,New York 24th,Democrat,https://ballotpedia.org/Steven_Holden,believein_steve,NA
John Murtari,New York 24th,Republican,https://ballotpedia.org/John_Murtari,NA,NA
NA,New York 25th,NA,NA,NA,NA
NA,New York 26th,NA,NA,NA,NA
Eshan Patel,North Carolina 1st,Independent,https://ballotpedia.org/Eshan_Patel,NA,NA
NA,North Carolina 2nd,NA,NA,NA,NA
Tyron Brown,North Carolina 3rd,Democrat,https://ballotpedia.org/Tyron_Brown,NA,NA
Barbara Gaskins,North Carolina 3rd,Democrat,https://ballotpedia.org/Barbara_Gaskins,NA,NA
Rene Borghese,North Carolina 4th,Republican,https://ballotpedia.org/Rene_Borghese,NA,NA
Erik Fredsell,North Carolina 4th,Republican,https://ballotpedia.org/Erik_Fredsell,NA,NA
Craig Kinsey,North Carolina 4th,Republican,https://ballotpedia.org/Craig_Kinsey,NA,NA
Virginia Foxx,North Carolina 5th,Republican,https://ballotpedia.org/Virginia_Foxx,foxxforcongress,NA
Michael Ackerman,North Carolina 5th,Republican,https://ballotpedia.org/Michael_Ackerman_(North_Carolina),NA,NA
Gerry Austin,North Carolina 6th,Republican,https://ballotpedia.org/Gerry_Austin,NA,NA
Denton Lee,North Carolina 7th,Democrat,https://ballotpedia.org/Denton_Lee,DentonLeeNC,NA
Steve Miller,North Carolina 7th,Democrat,https://ballotpedia.org/Steve_Miller_(North_Carolina_congressional_candidate),stevemillernc,NA
Jason Minnicozzi,North Carolina 7th,Democrat,https://ballotpedia.org/Jason_Minnicozzi,JasonForNC,JasonMinnicozzi
Montel Richardson,North Carolina 7th,Democrat,https://ballotpedia.org/Montel_Richardson,NA,NA
Charlie Evans,North Carolina 8th,Democrat,https://ballotpedia.org/Charlie_Evans,NA,NA
Charles Graham,North Carolina 9th,Democrat,https://ballotpedia.org/Charles_Graham_(North_Carolina),NA,NA
Ramin Mammadov,North Carolina 9th,Democrat,https://ballotpedia.org/Ram_Mammadov,ram4congress,NA
Maddie Parra,North Carolina 10th,Democrat,https://ballotpedia.org/Maddie_Parra,NA,NA
Jasmine Beach-Ferrara,North Carolina 11th,Democrat,https://ballotpedia.org/Jasmine_Beach-Ferrara,JBeachFerrara,NA
Jan Carey,North Carolina 11th,Democrat,https://ballotpedia.org/Jan_Carey,NA,NA
Katie Dean,North Carolina 11th,Democrat,https://ballotpedia.org/Katie_Dean,NA,NA
Eric Gash,North Carolina 11th,Democrat,https://ballotpedia.org/Eric_Gash,NA,NA
Bo Hess,North Carolina 11th,Democrat,https://ballotpedia.org/Bo_Hess,bohessforus,NA
Josh Remillard,North Carolina 11th,Democrat,https://ballotpedia.org/Josh_Remillard,joshremillardnc,NA
Eric Batchelor,North Carolina 11th,Republican,https://ballotpedia.org/Eric_Batchelor,ericbatchelornc,NA
Rod Honeycutt,North Carolina 11th,Republican,https://ballotpedia.org/Rod_Honeycutt_(North_Carolina),NA,NA
Wendy Nevarez,North Carolina 11th,Republican,https://ballotpedia.org/Wendy_Nevarez,wendyforwnc,NA
Bruce O'Connell,North Carolina 11th,Republican,https://ballotpedia.org/Bruce_O'Connell,Bruce_Oconnell,NA
David Coatney,North Carolina 11th,Libertarian,https://ballotpedia.org/David_Coatney,NA,NA
Rogelio Lawsin,North Carolina 12th,Republican,https://ballotpedia.org/Rogelio_Lawsin,NA,NA
Tyler Lee,North Carolina 12th,Republican,https://ballotpedia.org/Tyler_Lee,NA,NA
Joel Maxwell,North Carolina 12th,Republican,https://ballotpedia.org/Joel_Maxwell,NA,joelmaxwell
Francisco Rios,North Carolina 12th,Republican,https://ballotpedia.org/Francisco_Rios,RiosVote,NA
Peter Boykin,North Carolina 13th,Republican,https://ballotpedia.org/Peter_Boykin,Boykin4Congress,NA
Bill Brewster,North Carolina 13th,Republican,https://ballotpedia.org/Bill_Brewster,NA,NA
Bo Hines,North Carolina 13th,Republican,https://ballotpedia.org/Bo_Hines,bohines,NA
Rogelio Lawsin,North Carolina 14th,Republican,https://ballotpedia.org/Rogelio_Lawsin,NA,NA
Tyler Lee,North Carolina 14th,Republican,https://ballotpedia.org/Tyler_Lee,NA,NA
Joel Maxwell,North Carolina 14th,Republican,https://ballotpedia.org/Joel_Maxwell,NA,joelmaxwell
Francisco Rios,North Carolina 14th,Republican,https://ballotpedia.org/Francisco_Rios,RiosVote,NA
NA,North Dakota,NA,NA,NA,NA
Steve Chabot,Ohio 1st,Republican,https://ballotpedia.org/Steve_Chabot,NA,NA
Savanna Redden,Ohio 1st,Democrat,https://ballotpedia.org/Savanna_Redden,reddenoh1,NA
NA,Ohio 2nd,NA,NA,NA,NA
Matthew Meade,Ohio 3rd,Democrat,https://ballotpedia.org/Matthew_Meade,NA,matthewmeadeOH
Jeffrey Sites,Ohio 4th,Democrat,https://ballotpedia.org/Jeffrey_Sites,Sites4Congress,jeffreysites
Jeffrey Agan Jr.,Ohio 5th,Democrat,https://ballotpedia.org/Jeffrey_Agan_Jr.,NA,NA
Youseff Baddar,Ohio 5th,Independent,https://ballotpedia.org/Youseff_Baddar,BaddarForYou,NA
NA,Ohio 6th,NA,NA,NA,NA
NA,Ohio 7th,NA,NA,NA,NA
NA,Ohio 8th,NA,NA,NA,NA
NA,Ohio 9th,NA,NA,NA,NA
Baxter Stapelton,Ohio 10th,Democrat,https://ballotpedia.org/Baxter_Stapelton,NA,NA
James Hemphill,Ohio 11th,Republican,https://ballotpedia.org/James_Hemphill,NA,NA
Danny O'Connor,Ohio 12th,Democrat,https://ballotpedia.org/Danny_O'Connor_(Ohio),dannyoconnor1,NA
Alaina Shearer,Ohio 12th,Democrat,https://ballotpedia.org/Alaina_Shearer,alainashearer,NA
NA,Ohio 13th,NA,NA,NA,NA
Brenden Kelley,Ohio 14th,Democrat,https://ballotpedia.org/Brenden_Kelley,NA,BrendenPKelley
Ruth Edmonds,Ohio 15th,Republican,https://ballotpedia.org/Ruth_Edmonds,NA,NA
Elizabeth McKenzie,Ohio 15th,Independent,https://ballotpedia.org/Elizabeth_McKenzie,NA,NA
Adam Martin,Oklahoma 1st,Democrat,https://ballotpedia.org/Adam_Martin_(Oklahoma),NA,NA
NA,Oklahoma 2nd,NA,NA,NA,NA
NA,Oklahoma 3rd,NA,NA,NA,NA
NA,Oklahoma 4th,NA,NA,NA,NA
NA,Oklahoma 5th,NA,NA,NA,NA
David Russ,Oregon 1st,Republican,https://ballotpedia.org/David_Russ_(Oregon),NA,NA
Nicholas Rascon,Oregon 1st,Independent,https://ballotpedia.org/Nicholas_Rascon,NA,NA
Raiph Huber,Oregon 2nd,Republican,https://ballotpedia.org/Raiph_Huber,NA,RaiphHuber4
NA,Oregon 3rd,NA,NA,NA,NA
Alek Skarlatos,Oregon 4th,Republican,https://ballotpedia.org/Alek_Skarlatos,alekskarlatos,NA
Jeremy Van Tress,Oregon 4th,Republican,https://ballotpedia.org/Jeremy_Van_Tress,jeremy_vantress,NA
Kevin Easton,Oregon 5th,Democrat,https://ballotpedia.org/Kevin_Easton,NA,NA
Lori Chavez-DeRemer,Oregon 5th,Republican,https://ballotpedia.org/Lori_Chavez-DeRemer,NA,NA
Amy Ryan Courser,Oregon 5th,Republican,https://ballotpedia.org/Amy_Ryan_Courser,NA,BBGoddess13
Nate Sandvig,Oregon 5th,Republican,https://ballotpedia.org/Nate_Sandvig,sandvig_nate,NA
Derry Jackson,Oregon 6th,Democrat,https://ballotpedia.org/Derry_Jackson,NA,NA
Loretta Smith,Oregon 6th,Democrat,https://ballotpedia.org/Loretta_Smith,lorettasmithor,NA
Henry Conoly,Pennsylvania 1st,G,https://ballotpedia.org/Henry_Conoly,activisthenry,ActivistHenry
Gilberto Gonzalez,Pennsylvania 2nd,Democrat,https://ballotpedia.org/Gilberto_Gonzalez,Gilbert45676603,gilbert_artist
Salem Snow,Pennsylvania 2nd,Democrat,https://ballotpedia.org/Salem_Snow,Salem4congress,NA
Alexandra Hunt,Pennsylvania 3rd,Democrat,https://ballotpedia.org/Alexandra_Hunt,ahunt4congress,NA
Austin Rodill,Pennsylvania 3rd,Democrat,https://ballotpedia.org/Austin_Rodill,NA,NA
Madeleine Dean,Pennsylvania 4th,Democrat,https://ballotpedia.org/Madeleine_Dean,NA,NA
David Galluch,Pennsylvania 5th,Republican,https://ballotpedia.org/David_Galluch,DaveGalluchPA,NA
Robert Margus,Pennsylvania 5th,Libertarian,https://ballotpedia.org/Robert_Margus,Mxbrvrgvs,NA
Chrissy Houlahan,Pennsylvania 6th,Democrat,https://ballotpedia.org/Chrissy_Houlahan,NA,NA
Steve Fanelli,Pennsylvania 6th,Republican,https://ballotpedia.org/Steve_Fanelli,NA,NA
Robert Kennedy,Pennsylvania 6th,Republican,https://ballotpedia.org/Robert_Kennedy_(Pennsylvania),NA,NA
Susan Wild,Pennsylvania 7th,Democrat,https://ballotpedia.org/Susan_Wild,NA,NA
Tuong Tran,Pennsylvania 7th,Democrat,https://ballotpedia.org/Tuong_Tran,NA,NA
Kevin Dellicker,Pennsylvania 7th,Republican,https://ballotpedia.org/Kevin_Dellicker,KevinDellicker,NA
Lisa Scheller,Pennsylvania 7th,Republican,https://ballotpedia.org/Lisa_Scheller,SchellerforPA,NA
Teddy Daniels,Pennsylvania 8th,Republican,https://ballotpedia.org/Teddy_Daniels,DanielsCongress,NA
NA,Pennsylvania 9th,NA,NA,NA,NA
Brian Allen,Pennsylvania 10th,Republican,https://ballotpedia.org/Brian_Allen_(Pennsylvania),electbrianallen,NA
NA,Pennsylvania 11th,NA,NA,NA,NA
NA,Pennsylvania 12th,NA,NA,NA,NA
NA,Pennsylvania 13th,NA,NA,NA,NA
NA,Pennsylvania 14th,NA,NA,NA,NA
NA,Pennsylvania 15th,NA,NA,NA,NA
Rick Telesz,Pennsylvania 16th,Democrat,https://ballotpedia.org/Rick_Telesz,rick_telesz,NA
NA,Pennsylvania 17th,NA,NA,NA,NA
Allen Waters,Rhode Island 1st,Republican,https://ballotpedia.org/Allen_Waters,AllenRWaters,NA
NA,Rhode Island 2nd,NA,NA,NA,NA
Ingrid Centurion,South Carolina 1st,Republican,https://ballotpedia.org/Ingrid_Centurion,NA,NA
Lynz Piper-Loomis,South Carolina 1st,Republican,https://ballotpedia.org/Lynz_Piper-Loomis,LynzPiperLoomis,NA
Gregory Karr,South Carolina 2nd,Democrat,https://ballotpedia.org/Gregory_Karr,KarrforCongress,NA
Melissa McFadden,South Carolina 2nd,Republican,https://ballotpedia.org/Melissa_McFadden,McFaddenForSC,NA
NA,South Carolina 3rd,NA,NA,NA,NA
NA,South Carolina 4th,NA,NA,NA,NA
NA,South Carolina 5th,NA,NA,NA,NA
James Clyburn,South Carolina 6th,Democrat,https://ballotpedia.org/James_Clyburn,NA,NA
Michael Addison,South Carolina 6th,Democrat,https://ballotpedia.org/Michael_Addison,NA,NA
John Chapman,South Carolina 6th,Republican,https://ballotpedia.org/John_Chapman_(South_Carolina),NA,NA
Ryan Norris,South Carolina 7th,Democrat,https://ballotpedia.org/Ryan_Norris,NA,NA
Graham Allen,South Carolina 7th,Republican,https://ballotpedia.org/Graham_Allen,GrahamAllen2022,GrahamAllen_1
Barbara Arthur,South Carolina 7th,Republican,https://ballotpedia.org/Barbara_Arthur,NA,NA
Louis Bushay,South Carolina 7th,Republican,https://ballotpedia.org/Louis_Bushay,NA,NA
Justin Davison,South Carolina 7th,Republican,https://ballotpedia.org/Justin_Davison,JustinDavisonSC,NA
Tom Dunn,South Carolina 7th,Republican,https://ballotpedia.org/Tom_Dunn,tomdunn,NA
George Kite,South Carolina 7th,Republican,https://ballotpedia.org/George_Kite,NA,NA
Mark McBride,South Carolina 7th,Republican,https://ballotpedia.org/Mark_McBride_(South_Carolina),NA,NA
Steve Reichert,South Carolina 7th,Republican,https://ballotpedia.org/Steve_Reichert,Steve_Reichert,NA
Ken Richardson,South Carolina 7th,Republican,https://ballotpedia.org/Ken_Richardson_(South_Carolina),NA,NA
Jeanette Spurlock,South Carolina 7th,Republican,https://ballotpedia.org/Jeanette_Spurlock,NA,NA
NA,South Dakota,NA,NA,NA,NA
NA,Tennessee 1st,NA,NA,NA,NA
Mark Harmon,Tennessee 2nd,Democrat,https://ballotpedia.org/Mark_Harmon,NA,NA
Matt Adams,Tennessee 3rd,Democrat,https://ballotpedia.org/Matt_Adams_(Tennessee),mattadamsTN,NA
Nathaniel Doss,Tennessee 3rd,Democrat,https://ballotpedia.org/Nathaniel_Doss,NateDossIII,NA
Meg Gorman,Tennessee 3rd,Democrat,https://ballotpedia.org/Meg_Gorman,Meg4Congress,NA
Sandy Casey,Tennessee 3rd,Republican,https://ballotpedia.org/Sandy_Casey,NA,NA
Kenny Morgan,Tennessee 3rd,Republican,https://ballotpedia.org/Kenny_Morgan_(Tennessee),NA,NA
Gerald Hood,Tennessee 4th,Republican,https://ballotpedia.org/Gerald_Hood,NA,NA
Doug Meyer,Tennessee 4th,Republican,https://ballotpedia.org/Doug_Meyer,NA,NA
Odessa Kelly,Tennessee 5th,Democrat,https://ballotpedia.org/Odessa_Kelly,OdessaKellyTN,NA
Quincy McKnight,Tennessee 5th,Republican,https://ballotpedia.org/Quincy_McKnight,NA,QuincyJMcKnigh1
Robby Starbuck,Tennessee 5th,Republican,https://ballotpedia.org/Robby_Starbuck,robbystarbuck,NA
Rick Shannon,Tennessee 5th,Independent,https://ballotpedia.org/Rick_Shannon,NA,NA
NA,Tennessee 6th,NA,NA,NA,NA
NA,Tennessee 7th,NA,NA,NA,NA
NA,Tennessee 8th,NA,NA,NA,NA
Mark Crain,Tennessee 9th,Independent,https://ballotpedia.org/Mark_Crain,NA,NA
Rosey Quinn,Texas 1st,Democrat,https://ballotpedia.org/Rosey_Quinn,NA,NA
Rayna Reid,Texas 2nd,Democrat,https://ballotpedia.org/Rayna_Reid,NA,_raynareid
Mike Billand,Texas 2nd,Republican,https://ballotpedia.org/Mike_Billand,billand_mike,NA
Lucia Rodriguez,Texas 2nd,Republican,https://ballotpedia.org/Lucia_Rodriguez,NA,NA
NA,Texas 3rd,NA,NA,NA,NA
Earl Davis,Texas 4th,Democrat,https://ballotpedia.org/Earl_Davis,NA,NA
Doc Shelby,Texas 4th,Democrat,https://ballotpedia.org/Doc_Shelby,docshelby2022,NA
Kathleen Bailey,Texas 5th,Democrat,https://ballotpedia.org/Kathleen_Bailey,KCBailey2022,NA
Charles Gearing,Texas 5th,Democrat,https://ballotpedia.org/Charles_Gearing,GearingForTexas,NA
NA,Texas 6th,NA,NA,NA,NA
Jafar Hajjar,Texas 7th,Republican,https://ballotpedia.org/Jafar_Hajjar,NA,NA
Roland Lopez,Texas 7th,Republican,https://ballotpedia.org/Roland_Lopez,TexansForLopez,NA
Tim Stroud,Texas 7th,Republican,https://ballotpedia.org/Tim_Stroud,NA,timthearmymedic
Rudy Atencio,Texas 8th,Republican,https://ballotpedia.org/Rudy_Atencio,rudy_atencio,NA
Betsy Bates,Texas 8th,Republican,https://ballotpedia.org/Betsy_Bates_(Texas),MAGABetsy,NA
Paulette Carson,Texas 8th,Republican,https://ballotpedia.org/Paulette_Carson,Carson4TX,NA
Jameson Ellis,Texas 8th,Republican,https://ballotpedia.org/Jameson_Ellis,thejamesonellis,NA
Jerry Ford Sr.,Texas 8th,Republican,https://ballotpedia.org/Jerry_Ford_Sr.,NA,Playball123urou
Jonathan Hullihan,Texas 8th,Republican,https://ballotpedia.org/Jonathan_Hullihan,jhullihantx,NA
Ryan Jarchow,Texas 8th,Republican,https://ballotpedia.org/Ryan_Jarchow,jarchowcampaign,NA
Morgan Luttrell,Texas 8th,Republican,https://ballotpedia.org/Morgan_Luttrell,MLuttrellTX,NA
Dan McKaughan,Texas 8th,Republican,https://ballotpedia.org/Dan_McKaughan,DanMcKaughanTX,NA
Jonathan Mitchell,Texas 8th,Republican,https://ballotpedia.org/Jonathan_Mitchell,NA,NA
Christopher Revis,Texas 8th,Republican,https://ballotpedia.org/Christopher_Revis,NA,NA
Taylor Whichard,Texas 8th,Republican,https://ballotpedia.org/Taylor_Whichard,WhichardIv,NA
NA,Texas 9th,NA,NA,NA,NA
Larry Wallace Jr.,Texas 10th,Democrat,https://ballotpedia.org/Larry_Wallace_Jr._(Texas),DrLarryWallace1,NA
Damien Mockus,Texas 10th,Republican,https://ballotpedia.org/Damien_Mockus,NA,NA
NA,Texas 11th,NA,NA,NA,NA
Chris Rector,Texas 12th,Republican,https://ballotpedia.org/Chris_Rector_(Texas),NA,NA
Kathleen Brown,Texas 13th,Democrat,https://ballotpedia.org/Kathleen_Brown,Kat4District13,NA
Jeff Antonelli,Texas 14th,Democrat,https://ballotpedia.org/Jeff_Antonelli,NA,NA
Cyrus Sajna,Texas 14th,Democrat,https://ballotpedia.org/Cyrus_Sajna,NA,NA
Ruben Landon Dante,Texas 14th,Republican,https://ballotpedia.org/Ruben_Landon_Dante,RubenLDante,NA
Gina Smith,Texas 14th,Republican,https://ballotpedia.org/Gina_Smith,drgina_smith,NA
Monica De La Cruz Hernandez,Texas 15th,Republican,https://ballotpedia.org/Monica_De_La_Cruz_Hernandez,monica4congress,NA
Irene Armendariz-Jackson,Texas 16th,Republican,https://ballotpedia.org/Irene_Armendariz-Jackson,NA,amazingurl09
Samuel Williams Jr.,Texas 16th,Republican,https://ballotpedia.org/Samuel_Williams_Jr.,NA,NA
Mary Jo Woods,Texas 17th,Democrat,https://ballotpedia.org/Mary_Jo_Woods,Mary_Woods_TX17,NA
Cassius Marcellous Evergreen,Texas 18th,Democrat,https://ballotpedia.org/Cassius_Marcellous_Evergreen,CashForCongress,NA
Charles Thompson,Texas 18th,Democrat,https://ballotpedia.org/Charles_Thompson_(Texas_U.S._House_candidate),NA,NA
NA,Texas 19th,NA,NA,NA,NA
Mark Murray,Texas 20th,Republican,https://ballotpedia.org/Mark_Murray,NA,NA
Michael Stevens,Texas 20th,Republican,https://ballotpedia.org/Michael_Stevens_(Texas),stevensforcon22,NA
Scott Sturm,Texas 21st,Democrat,https://ballotpedia.org/Scott_Sturm,SturmNextTerm,NA
Michael French,Texas 21st,Republican,https://ballotpedia.org/Michael_French,NA,NA
Robert Lowry,Texas 21st,Republican,https://ballotpedia.org/Robert_Lowry,NA,NA
Matthew Berg,Texas 22nd,Democrat,https://ballotpedia.org/Matthew_Berg,mattberg4texas,NA
Eugene Evans,Texas 22nd,Democrat,https://ballotpedia.org/Eugene_Evans,NA,NA
Jim Squires,Texas 22nd,Democrat,https://ballotpedia.org/Jim_Squires,Squires2022,NA
Andrew Alvarez,Texas 22nd,Republican,https://ballotpedia.org/Andrew_Alvarez_(Texas),NA,andrewalvareztx
John Lira,Texas 23rd,Democrat,https://ballotpedia.org/John_Lira_(Texas),LiraForCongress,NA
Michelle Beckley,Texas 24th,Democrat,https://ballotpedia.org/Michelle_Beckley,NA,NA
Derrik Gay,Texas 24th,Democrat,https://ballotpedia.org/Derrik_Gay,derrikgay,NA
Tyler Smith,Texas 25th,Republican,https://ballotpedia.org/Tyler_Smith_(Texas),TylerCongress,NA
NA,Texas 26th,NA,NA,NA,NA
NA,Texas 27th,NA,NA,NA,NA
Tannya Benavides,Texas 28th,Democrat,https://ballotpedia.org/Tannya_Benavides,tannyafortexas,tannyabenavides
Jessica Cisneros,Texas 28th,Democrat,https://ballotpedia.org/Jessica_Cisneros,NA,NA
NA,Texas 29th,NA,NA,NA,NA
Zachariah Manning,Texas 30th,Democrat,https://ballotpedia.org/Zachariah_Manning,NA,NA
Jessica Mason,Texas 30th,Democrat,https://ballotpedia.org/Jessica_Mason,JessicaMasonTX,NA
Jonathan Hildner,Texas 31st,Democrat,https://ballotpedia.org/Jonathan_Hildner,HildnerforTexas,hildnerjonathan
Christopher Scurry,Texas 31st,Democrat,https://ballotpedia.org/Christopher_Scurry,ScurryLaw,NA
Montgomery Markland,Texas 32nd,Republican,https://ballotpedia.org/Montgomery_Markland,MarklandHouse,NA
Bardia Namdarkhan,Texas 32nd,Republican,https://ballotpedia.org/Bardia_Namdarkhan,NA,NA
Ricardo Salazar,Texas 32nd,Republican,https://ballotpedia.org/Ricardo_Salazar,NA,NA
Gary Slagel,Texas 32nd,Republican,https://ballotpedia.org/Gary_Slagel,NA,NA
NA,Texas 33rd,NA,NA,NA,NA
Rochelle Garza,Texas 34th,Democrat,https://ballotpedia.org/Rochelle_Garza,RochelleMGarza,NA
Jaime Rodriguez,Texas 34th,Democrat,https://ballotpedia.org/Jaime_Rodriguez_(Texas),NA,NA
Ryan Trevino,Texas 34th,Democrat,https://ballotpedia.org/Ryan_Trevino,ryantrevinous,NA
Mayra Flores,Texas 34th,Republican,https://ballotpedia.org/Mayra_Flores,MayraFlores2022,NA
Larry Polsky,Texas 34th,Republican,https://ballotpedia.org/Larry_Polsky,NA,NA
David Anderson,Texas 35th,Democrat,https://ballotpedia.org/David_Anderson_(Texas),DLAndersonJrTX,NA
Danielle Fewings,Texas 35th,Democrat,https://ballotpedia.org/Danielle_Fewings,DANIELLEFEWINGS,NA
Claudia Zapata,Texas 35th,Democrat,https://ballotpedia.org/Claudia_Zapata,poderconclaudia,NA
NA,Texas 36th,NA,NA,NA,NA
Sarah Miller,Texas 37th,Republican,https://ballotpedia.org/Sarah_Miller_(Texas),NA,NA
NA,Texas 38th,NA,NA,NA,NA
NA,Utah 1st,NA,NA,NA,NA
Thomas DeMille,Utah 2nd,American Independent Party,https://ballotpedia.org/Thomas_DeMille,NA,NA
Phelan Acheson,Utah 2nd,Independent,https://ballotpedia.org/Phelan_Acheson,NA,NA
Jason Preston,Utah 3rd,Republican,https://ballotpedia.org/Jason_Preston,NA,NA
NA,Utah 4th,NA,NA,NA,NA
NA,Vermont,NA,NA,NA,NA
Stewart Navarre,Virginia 1st,Democrat,https://ballotpedia.org/Stewart_Navarre,StewartNavarre,NA
Austin Nichols,Virginia 1st,Independent,https://ballotpedia.org/Austin_Nichols,NA,NA
Tommy Altman,Virginia 2nd,Republican,https://ballotpedia.org/Tommy_Altman,NA,NA
Jarome Bell,Virginia 2nd,Republican,https://ballotpedia.org/Jarome_Bell,NA,NA
Theodore Engquist,Virginia 2nd,Republican,https://ballotpedia.org/Theodore_Engquist,TedEngquist,NA
Jennifer Kiggans,Virginia 2nd,Republican,https://ballotpedia.org/Jennifer_Kiggans,JenKiggans,NA
NA,Virginia 3rd,NA,NA,NA,NA
NA,Virginia 4th,NA,NA,NA,NA
Shadi Ayyas,Virginia 5th,Democrat,https://ballotpedia.org/Shadi_Ayyas,ayyas2022,NA
Joshua Throneburg,Virginia 5th,Democrat,https://ballotpedia.org/Joshua_Throneburg,NA,NA
Kimberly Nadine Lowe,Virginia 5th,Republican,https://ballotpedia.org/Kimberly_Nadine_Lowe,kim4va,NA
Bob Good,Virginia 5th,Republican,https://ballotpedia.org/Bob_Good,GoodForCongress,NA
Cameron Webb,Virginia 5th,Democrat,https://ballotpedia.org/Cameron_Webb,DrCameronWebb,NA
Denver Lee Riggleman III,Virginia 5th,Republican,https://ballotpedia.org/Denver_Riggleman,denver4va,NA
NA,Virginia 6th,NA,NA,NA,NA
Gautam Barve,Virginia 7th,Republican,https://ballotpedia.org/Gautam_Barve,NA,NA
John Castorani,Virginia 7th,Republican,https://ballotpedia.org/John_Castorani,NA,JohnCastorani
Taylor Keeney,Virginia 7th,Republican,https://ballotpedia.org/Taylor_Keeney,NA,NA
Tina Ramirez,Virginia 7th,Republican,https://ballotpedia.org/Tina_Ramirez,TinaRamirezVA,NA
Abigail Spanberger,Virginia 7th,Democrat,https://ballotpedia.org/Abigail_Spanberger,SpanbergerVA07,NA
Nick Freitas,Virginia 7th,Republican,https://ballotpedia.org/Nick_Freitas,TeamNickVA,NA
Victoria Virasingh,Virginia 8th,Democrat,https://ballotpedia.org/Victoria_Virasingh,vvirasingh,NA
NA,Virginia 9th,NA,NA,NA,NA
John Beatty,Virginia 10th,Republican,https://ballotpedia.org/John_Beatty_(Virginia),jb4va,NA
Monica Carpio,Virginia 10th,Republican,https://ballotpedia.org/Monica_Carpio,MonCarpioVA,mon_carpio
Jeanine Lawson,Virginia 10th,Republican,https://ballotpedia.org/Jeanine_Lawson,JeanineLawsonVA,NA
Paul Lott,Virginia 10th,Republican,https://ballotpedia.org/Paul_Lott,PaulLott,NA
Clay Percle,Virginia 10th,Republican,https://ballotpedia.org/Clay_Percle,ClayPercle,NA
Ally Dalsimer,Virginia 11th,Democrat,https://ballotpedia.org/Ally_Dalsimer,Ally4Congress,NA
NA,Washington 1st,NA,NA,NA,NA
NA,Washington 2nd,NA,NA,NA,NA
Brent Hennrich,Washington 3rd,Democrat,https://ballotpedia.org/Brent_Hennrich,bhennrich,NA
Chris Jenkins,Washington 3rd,Democrat,https://ballotpedia.org/Chris_Jenkins,NA,NA
Lucy Lauser,Washington 3rd,Democrat,https://ballotpedia.org/Lucy_Lauser,LucyLauser,NA
Joe Kent,Washington 3rd,Republican,https://ballotpedia.org/Joe_Kent_(Washington),joekent16jan19,NA
Matthew Overton,Washington 3rd,Republican,https://ballotpedia.org/Matthew_Overton,NA,Matthew35928899
Heidi St. John,Washington 3rd,Republican,https://ballotpedia.org/Heidi_St._John,HSJForCongress,heidistjohn
Wadi Yakhour,Washington 3rd,Republican,https://ballotpedia.org/Wadi_Yakhour,WadiforCongress,NA
Loren Culp,Washington 4th,Republican,https://ballotpedia.org/Loren_Culp,NA,LorenCulp
Brad Klippert,Washington 4th,Republican,https://ballotpedia.org/Brad_Klippert,NA,NA
Jerrod Sessler,Washington 4th,Republican,https://ballotpedia.org/Jerrod_Sessler,Sessler,NA
NA,Washington 5th,NA,NA,NA,NA
NA,Washington 6th,NA,NA,NA,NA
NA,Washington 7th,NA,NA,NA,NA
Kim Schrier,Washington 8th,Democrat,https://ballotpedia.org/Kim_Schrier,NA,NA
Jesse Jensen,Washington 8th,Republican,https://ballotpedia.org/Jesse_Jensen,JesseJensenWA,NA
Matt Larkin,Washington 8th,Republican,https://ballotpedia.org/Matt_Larkin,MattLarkin4WA,NA
Stephanie Gallardo,Washington 9th,Democrat,https://ballotpedia.org/Stephanie_Gallardo,electgallardo,NA
David Ishii,Washington 9th,Democrat,https://ballotpedia.org/David_Ishii,NA,NA
Krystal Marx,Washington 9th,Democrat,https://ballotpedia.org/Krystal_Marx,KrystalForWA,bishop_krystal
Amelia Paz,Washington 9th,Democrat,https://ballotpedia.org/Amelia_Paz,NA,NA
NA,Washington 10th,NA,NA,NA,NA
Michael Sisco,West Virginia 1st,Republican,https://ballotpedia.org/Michael_Sisco,MichaelSiscoWV,NA
NA,West Virginia 2nd,NA,NA,NA,NA
Ann Roe,Wisconsin 1st,Democrat,https://ballotpedia.org/Ann_Roe,annsroe,NA
NA,Wisconsin 2nd,NA,NA,NA,NA
Brett Knudsen,Wisconsin 3rd,Democrat,https://ballotpedia.org/Brett_Knudsen,NA,NA
Derrick Van Orden,Wisconsin 3rd,Republican,https://ballotpedia.org/Derrick_Van_Orden,derrickvanorden,NA
NA,Wisconsin 4th,NA,NA,NA,NA
NA,Wisconsin 5th,NA,NA,NA,NA
Douglas Mullenix,Wisconsin 6th,Republican,https://ballotpedia.org/Douglas_Mullenix,d_mullenix,NA
Audun Mikkelson,Wisconsin 7th,Republican,https://ballotpedia.org/Audun_Mikkelson,NA,NA
Jacob VandenPlas,Wisconsin 8th,Libertarian,https://ballotpedia.org/Jacob_VandenPlas,JacobVandenplas,NA
Liz Cheney,Wyoming,Republican,https://ballotpedia.org/Liz_Cheney,NA,NA
Robyn Belinskey,Wyoming,Republican,https://ballotpedia.org/Robyn_Belinskey,NA,NA
Anthony Bouchard,Wyoming,Republican,https://ballotpedia.org/Anthony_Bouchard,NA,NA
Chuck Gray,Wyoming,Republican,https://ballotpedia.org/Chuck_Gray_(Wyoming),NA,NA
Bryan Keller,Wyoming,Republican,https://ballotpedia.org/Bryan_Keller_(Wyoming),NA,NA
Denton Knapp,Wyoming,Republican,https://ballotpedia.org/Denton_Knapp,knapp_wy,dentonknapp
Bryan Miller,Wyoming,Republican,https://ballotpedia.org/Bryan_Miller,NA,NA
Marissa Selvig,Wyoming,Republican,https://ballotpedia.org/Marissa_Selvig,MarissaSelvig,NA
Darin Smith,Wyoming,Republican,https://ballotpedia.org/Darin_Smith,NA,NA
